sensitivity,cap A $25,cap A $100,cap A $300,cap R $25,cap R $100,cap R $300,transfer $25,transfer $100,transfer $300,switching $100
primary,-0.01,-0.24,-0.64,1.31,1.85,4.22,0.01,0.12,0.36,2.03
phi 0.34,-0.01,-0.07,-0.43,3.23,10.20,28.50,0.00,0.08,0.24,1.66
phi 0.50,-0.00,-0.05,-0.34,4.26,13.69,40.19,0.01,0.07,0.18,1.34
common horizon 100,0.00,0.00,0.00,1.04,1.07,1.98,0.00,0.00,0.00,4.42
all tasks,-0.00,-0.24,-0.64,1.26,1.85,4.22,0.00,0.12,0.39,4.40
refusals excluded,-0.01,-0.24,-0.64,1.31,1.85,4.22,0.01,0.12,0.36,4.10
no verdict unresolved,-0.01,-0.24,-0.64,1.32,1.85,4.22,0.01,0.12,0.36,2.01
re-runs dropped,-0.01,-0.25,-0.67,1.07,1.87,4.53,0.00,0.16,0.45,1.00
Qwen lowest price,-0.01,-0.24,-0.64,1.00,1.85,4.22,0.01,0.12,0.36,1.93
METR minutes,-0.06,-0.39,-1.27,0.31,0.37,0.88,0.07,0.30,0.91,5.48
common tasks*,-0.02,-0.41,-1.14,1.13,1.10,3.09,0.02,0.18,0.54,2.03
