regime_name,regime,rate,phi,tasks,value_oracle,value_cascade,value_best_single,value_escalate,oracle_gap,oracle_gap_single
automated,0.0,5.0,0.0,275,1.2092346978727277,1.7296947752272729,1.7296947752272729,2.502727272727273,0.5204600773545451,0.5204600773545451
automated,0.0,10.0,0.0,275,1.9458287037666664,2.9690192804924243,2.9690192804924243,5.005454545454546,1.0231905767257579,1.0231905767257579
automated,0.0,25.0,0.0,275,3.991823545133332,5.982782141349432,6.422491704204545,12.513636363636364,1.9909585962161,2.4306681590712134
automated,0.0,50.0,0.0,275,7.358630476996965,10.835139463860793,12.17871244756818,25.027272727272727,3.476508986863828,4.8200819705712155
automated,0.0,75.0,0.0,275,10.717181437133329,15.487150119067234,18.0861277293803,37.54090909090909,4.769968681933905,7.368946292246973
automated,0.0,100.0,0.0,275,14.070817800769703,19.94444390783334,21.96978181849394,50.054545454545455,5.873626107063636,7.898964017724236
automated,0.0,150.0,0.0,275,20.778090528042437,28.861702857287877,31.817054545766666,75.08181818181818,8.08361232924544,11.03896401772423
automated,0.0,200.0,0.0,275,27.485363255315153,37.92893041144697,41.664327273039405,100.10909090909091,10.443567156131817,14.178964017724251
automated,0.0,300.0,0.0,275,40.89990870986063,56.01018041144696,61.35887272758486,150.16363636363636,15.110271701586328,20.458964017724227
human 0.1,0.1,5.0,0.0,275,1.403823124080303,1.991773405909091,1.991773405909091,2.502727272727273,0.5879502818287881,0.5879502818287881
human 0.1,0.1,10.0,0.0,275,2.350335492689392,3.648406253818181,3.648406253818181,5.005454545454546,1.2980707611287894,1.2980707611287894
human 0.1,0.1,25.0,0.0,275,5.015834347813638,7.968839604039772,7.9302962569090925,12.513636363636364,2.9530052562261337,2.914461909095454
human 0.1,0.1,50.0,0.0,275,9.395086919707582,14.863243997534088,15.139659893272725,25.027272727272727,5.468157077826506,5.744572973565143
human 0.1,0.1,75.0,0.0,275,13.766350635828793,21.605089663875003,22.349023529636366,37.54090909090909,7.838739028046209,8.582672893807572
human 0.1,0.1,100.0,0.0,275,18.12797227187425,28.34693533021591,30.294524473681818,50.054545454545455,10.21896305834166,12.16655220180757
human 0.1,0.1,150.0,0.0,275,26.849375433828797,41.72093491961365,45.31738907222727,75.08181818181818,14.87155948578485,18.468013638398475
human 0.1,0.1,200.0,0.0,275,35.57068603988938,55.222556025397736,60.698523532418186,100.10909090909091,19.651869985508355,25.127837492528805
human 0.1,0.1,300.0,0.0,275,53.01296549981364,82.25854256575,90.73386266666364,150.16363636363636,29.245577065936367,37.72089716685
human 0.3,0.3,5.0,0.0,275,1.7450858518181813,2.4908008422727272,2.4908008422727272,2.502727272727273,0.7457149904545459,0.7457149904545459
human 0.3,0.3,10.0,0.0,275,3.108333812371211,4.676808842045453,4.676808842045453,5.005454545454546,1.568475029674242,1.568475029674242
human 0.3,0.3,25.0,0.0,275,7.014209905883335,10.31578555281818,10.31578555281818,12.513636363636364,3.301575646934846,3.301575646934846
human 0.3,0.3,50.0,0.0,275,13.418408291574243,19.93914918918182,19.93914918918182,25.027272727272727,6.520740897607576,6.520740897607576
human 0.3,0.3,75.0,0.0,275,19.800472200965153,29.562512825545454,29.562512825545454,37.54090909090909,9.762040624580301,9.762040624580301
human 0.3,0.3,100.0,0.0,275,26.180570115722727,39.18587646190909,39.18587646190909,50.054545454545455,13.005306346186362,13.005306346186362
human 0.3,0.3,150.0,0.0,275,38.93227567887727,58.43260373463636,58.43260373463636,75.08181818181818,19.50032805575909,19.50032805575909
human 0.3,0.3,200.0,0.0,275,51.679604065634834,77.86479255201137,77.67933100736364,100.10909090909091,26.185188486376532,25.99972694172881
human 0.3,0.3,300.0,0.0,275,77.17305861108935,116.43179255201137,116.17278555281817,150.16363636363636,39.25873394092203,38.999726941728824
human 0.5,0.5,5.0,0.0,275,2.050101810651515,2.5206150715,2.5206150715,2.502727272727273,0.470513260848485,0.470513260848485
human 0.5,0.5,10.0,0.0,275,3.8034005845606034,5.023342344227273,5.023342344227273,5.005454545454546,1.2199417596666695,1.2199417596666695
human 0.5,0.5,25.0,0.0,275,8.852526929228787,12.882901905227273,12.882901905227273,12.513636363636364,4.030374975998486,4.030374975998486
human 0.5,0.5,50.0,0.0,275,17.18224262563182,24.720636269954543,24.720636269954543,25.027272727272727,7.538393644322724,7.538393644322724
human 0.5,0.5,75.0,0.0,275,25.483908898377273,36.776601689454544,36.776601689454544,37.54090909090909,11.292692791077272,11.292692791077272
human 0.5,0.5,100.0,0.0,275,33.7845372592591,48.84279487127273,48.84279487127273,50.054545454545455,15.058257612013627,15.058257612013627
human 0.5,0.5,150.0,0.0,275,50.3819984947894,72.97518123490907,72.97518123490907,75.08181818181818,22.593182740119673,22.593182740119673
human 0.5,0.5,200.0,0.0,275,66.97408134357421,97.15766260763635,97.15766260763635,100.10909090909091,30.18358126406214,30.18358126406214
human 0.5,0.5,300.0,0.0,275,100.15650558599845,146.44457117617333,145.4442535167273,150.16363636363636,46.28806559017488,45.28774793072884
